Workbook

Sheet Tracker
A1: Time | B1: BTC price | C1: Prediction (Up/Down) | D1: Confidence | E1: Fake bet $ 100 | F1: BTC price 5 min later | G1: Win/Loss | H1: Running total | J1: How to use this sheet
A2: 0.60416667 | B2: 100000 | C2: Up | D2: 0.65 | E2: =IF(A2="","",Setup!$B$3) -> 100 | F2: 100150 | G2: =IF(OR($B2="",$C2="",$F2=""),"",IF($F2=$B2,"Push",IF(OR(AND($C2="Up",$F2>$B2),AND($C2="Down",$F2<$B2)),"Win","Loss"))) -> Win | H2: =IF(G2="","",SUMIFS($E$2:E2,$G$2:G2,"Win")*Setup!$B$2-SUMIFS($E$2:E2,$G$2:G2,"Loss")) -> 100 | J2: Blue cells are yours to type:
E3: =IF(A3="","",Setup!$B$3) | G3: =IF(OR($B3="",$C3="",$F3=""),"",IF($F3=$B3,"Push",IF(OR(AND($C3="Up",$F3>$B3),AND($C3="Down",$F3<$B3)),"Win","Loss"))) | H3: =IF(G3="","",SUMIFS($E$2:E3,$G$2:G3,"Win")*Setup!$B$2-SUMIFS($E$2:E3,$G$2:G3,"Loss")) | J3: Time - when you make the call (HH:MM)
E4: =IF(A4="","",Setup!$B$3) | G4: =IF(OR($B4="",$C4="",$F4=""),"",IF($F4=$B4,"Push",IF(OR(AND($C4="Up",$F4>$B4),AND($C4="Down",$F4<$B4)),"Win","Loss"))) | H4: =IF(G4="","",SUMIFS($E$2:E4,$G$2:G4,"Win")*Setup!$B$2-SUMIFS($E$2:E4,$G$2:G4,"Loss")) | J4: BTC price - spot at that moment
E5: =IF(A5="","",Setup!$B$3) | G5: =IF(OR($B5="",$C5="",$F5=""),"",IF($F5=$B5,"Push",IF(OR(AND($C5="Up",$F5>$B5),AND($C5="Down",$F5<$B5)),"Win","Loss"))) | H5: =IF(G5="","",SUMIFS($E$2:E5,$G$2:G5,"Win")*Setup!$B$2-SUMIFS($E$2:E5,$G$2:G5,"Loss")) | J5: Prediction - Up or Down (dropdown)
E6: =IF(A6="","",Setup!$B$3) | G6: =IF(OR($B6="",$C6="",$F6=""),"",IF($F6=$B6,"Push",IF(OR(AND($C6="Up",$F6>$B6),AND($C6="Down",$F6<$B6)),"Win","Loss"))) | H6: =IF(G6="","",SUMIFS($E$2:E6,$G$2:G6,"Win")*Setup!$B$2-SUMIFS($E$2:E6,$G$2:G6,"Loss")) | J6: Confidence - e.g. 65%
E7: =IF(A7="","",Setup!$B$3) | G7: =IF(OR($B7="",$C7="",$F7=""),"",IF($F7=$B7,"Push",IF(OR(AND($C7="Up",$F7>$B7),AND($C7="Down",$F7<$B7)),"Win","Loss"))) | H7: =IF(G7="","",SUMIFS($E$2:E7,$G$2:G7,"Win")*Setup!$B$2-SUMIFS($E$2:E7,$G$2:G7,"Loss")) | J7: BTC price 5 min later - spot after 5 min
E8: =IF(A8="","",Setup!$B$3) | G8: =IF(OR($B8="",$C8="",$F8=""),"",IF($F8=$B8,"Push",IF(OR(AND($C8="Up",$F8>$B8),AND($C8="Down",$F8<$B8)),"Win","Loss"))) | H8: =IF(G8="","",SUMIFS($E$2:E8,$G$2:G8,"Win")*Setup!$B$2-SUMIFS($E$2:E8,$G$2:G8,"Loss"))
E9: =IF(A9="","",Setup!$B$3) | G9: =IF(OR($B9="",$C9="",$F9=""),"",IF($F9=$B9,"Push",IF(OR(AND($C9="Up",$F9>$B9),AND($C9="Down",$F9<$B9)),"Win","Loss"))) | H9: =IF(G9="","",SUMIFS($E$2:E9,$G$2:G9,"Win")*Setup!$B$2-SUMIFS($E$2:E9,$G$2:G9,"Loss")) | J9: Black cells calculate themselves:
E10: =IF(A10="","",Setup!$B$3) | G10: =IF(OR($B10="",$C10="",$F10=""),"",IF($F10=$B10,"Push",IF(OR(AND($C10="Up",$F10>$B10),AND($C10="Down",$F10<$B10)),"Win","Loss"))) | H10: =IF(G10="","",SUMIFS($E$2:E10,$G$2:G10,"Win")*Setup!$B$2-SUMIFS($E$2:E10,$G$2:G10,"Loss")) | J10: Fake bet $ 100 - reads Setup!B3
E11: =IF(A11="","",Setup!$B$3) | G11: =IF(OR($B11="",$C11="",$F11=""),"",IF($F11=$B11,"Push",IF(OR(AND($C11="Up",$F11>$B11),AND($C11="Down",$F11<$B11)),"Win","Loss"))) | H11: =IF(G11="","",SUMIFS($E$2:E11,$G$2:G11,"Win")*Setup!$B$2-SUMIFS($E$2:E11,$G$2:G11,"Loss")) | J11: Win/Loss - scores your call (ties = Push)
E12: =IF(A12="","",Setup!$B$3) | G12: =IF(OR($B12="",$C12="",$F12=""),"",IF($F12=$B12,"Push",IF(OR(AND($C12="Up",$F12>$B12),AND($C12="Down",$F12<$B12)),"Win","Loss"))) | H12: =IF(G12="","",SUMIFS($E$2:E12,$G$2:G12,"Win")*Setup!$B$2-SUMIFS($E$2:E12,$G$2:G12,"Loss")) | J12: Running total - cumulative P&L
E13: =IF(A13="","",Setup!$B$3) | G13: =IF(OR($B13="",$C13="",$F13=""),"",IF($F13=$B13,"Push",IF(OR(AND($C13="Up",$F13>$B13),AND($C13="Down",$F13<$B13)),"Win","Loss"))) | H13: =IF(G13="","",SUMIFS($E$2:E13,$G$2:G13,"Win")*Setup!$B$2-SUMIFS($E$2:E13,$G$2:G13,"Loss"))
E14: =IF(A14="","",Setup!$B$3) | G14: =IF(OR($B14="",$C14="",$F14=""),"",IF($F14=$B14,"Push",IF(OR(AND($C14="Up",$F14>$B14),AND($C14="Down",$F14<$B14)),"Win","Loss"))) | H14: =IF(G14="","",SUMIFS($E$2:E14,$G$2:G14,"Win")*Setup!$B$2-SUMIFS($E$2:E14,$G$2:G14,"Loss")) | J14: Row 2 is a worked example. Overwrite or
E15: =IF(A15="","",Setup!$B$3) | G15: =IF(OR($B15="",$C15="",$F15=""),"",IF($F15=$B15,"Push",IF(OR(AND($C15="Up",$F15>$B15),AND($C15="Down",$F15<$B15)),"Win","Loss"))) | H15: =IF(G15="","",SUMIFS($E$2:E15,$G$2:G15,"Win")*Setup!$B$2-SUMIFS($E$2:E15,$G$2:G15,"Loss")) | J15: delete it. Its prices are placeholders, not
E16: =IF(A16="","",Setup!$B$3) | G16: =IF(OR($B16="",$C16="",$F16=""),"",IF($F16=$B16,"Push",IF(OR(AND($C16="Up",$F16>$B16),AND($C16="Down",$F16<$B16)),"Win","Loss"))) | H16: =IF(G16="","",SUMIFS($E$2:E16,$G$2:G16,"Win")*Setup!$B$2-SUMIFS($E$2:E16,$G$2:G16,"Loss")) | J16: real quotes. Payout and bet size live on the
E17: =IF(A17="","",Setup!$B$3) | G17: =IF(OR($B17="",$C17="",$F17=""),"",IF($F17=$B17,"Push",IF(OR(AND($C17="Up",$F17>$B17),AND($C17="Down",$F17<$B17)),"Win","Loss"))) | H17: =IF(G17="","",SUMIFS($E$2:E17,$G$2:G17,"Win")*Setup!$B$2-SUMIFS($E$2:E17,$G$2:G17,"Loss")) | J17: Setup tab.
E18: =IF(A18="","",Setup!$B$3) | G18: =IF(OR($B18="",$C18="",$F18=""),"",IF($F18=$B18,"Push",IF(OR(AND($C18="Up",$F18>$B18),AND($C18="Down",$F18<$B18)),"Win","Loss"))) | H18: =IF(G18="","",SUMIFS($E$2:E18,$G$2:G18,"Win")*Setup!$B$2-SUMIFS($E$2:E18,$G$2:G18,"Loss"))
E19: =IF(A19="","",Setup!$B$3) | G19: =IF(OR($B19="",$C19="",$F19=""),"",IF($F19=$B19,"Push",IF(OR(AND($C19="Up",$F19>$B19),AND($C19="Down",$F19<$B19)),"Win","Loss"))) | H19: =IF(G19="","",SUMIFS($E$2:E19,$G$2:G19,"Win")*Setup!$B$2-SUMIFS($E$2:E19,$G$2:G19,"Loss"))
E20: =IF(A20="","",Setup!$B$3) | G20: =IF(OR($B20="",$C20="",$F20=""),"",IF($F20=$B20,"Push",IF(OR(AND($C20="Up",$F20>$B20),AND($C20="Down",$F20<$B20)),"Win","Loss"))) | H20: =IF(G20="","",SUMIFS($E$2:E20,$G$2:G20,"Win")*Setup!$B$2-SUMIFS($E$2:E20,$G$2:G20,"Loss"))
E21: =IF(A21="","",Setup!$B$3) | G21: =IF(OR($B21="",$C21="",$F21=""),"",IF($F21=$B21,"Push",IF(OR(AND($C21="Up",$F21>$B21),AND($C21="Down",$F21<$B21)),"Win","Loss"))) | H21: =IF(G21="","",SUMIFS($E$2:E21,$G$2:G21,"Win")*Setup!$B$2-SUMIFS($E$2:E21,$G$2:G21,"Loss"))
E22: =IF(A22="","",Setup!$B$3) | G22: =IF(OR($B22="",$C22="",$F22=""),"",IF($F22=$B22,"Push",IF(OR(AND($C22="Up",$F22>$B22),AND($C22="Down",$F22<$B22)),"Win","Loss"))) | H22: =IF(G22="","",SUMIFS($E$2:E22,$G$2:G22,"Win")*Setup!$B$2-SUMIFS($E$2:E22,$G$2:G22,"Loss"))
E23: =IF(A23="","",Setup!$B$3) | G23: =IF(OR($B23="",$C23="",$F23=""),"",IF($F23=$B23,"Push",IF(OR(AND($C23="Up",$F23>$B23),AND($C23="Down",$F23<$B23)),"Win","Loss"))) | H23: =IF(G23="","",SUMIFS($E$2:E23,$G$2:G23,"Win")*Setup!$B$2-SUMIFS($E$2:E23,$G$2:G23,"Loss"))
E24: =IF(A24="","",Setup!$B$3) | G24: =IF(OR($B24="",$C24="",$F24=""),"",IF($F24=$B24,"Push",IF(OR(AND($C24="Up",$F24>$B24),AND($C24="Down",$F24<$B24)),"Win","Loss"))) | H24: =IF(G24="","",SUMIFS($E$2:E24,$G$2:G24,"Win")*Setup!$B$2-SUMIFS($E$2:E24,$G$2:G24,"Loss"))
E25: =IF(A25="","",Setup!$B$3) | G25: =IF(OR($B25="",$C25="",$F25=""),"",IF($F25=$B25,"Push",IF(OR(AND($C25="Up",$F25>$B25),AND($C25="Down",$F25<$B25)),"Win","Loss"))) | H25: =IF(G25="","",SUMIFS($E$2:E25,$G$2:G25,"Win")*Setup!$B$2-SUMIFS($E$2:E25,$G$2:G25,"Loss"))
E26: =IF(A26="","",Setup!$B$3) | G26: =IF(OR($B26="",$C26="",$F26=""),"",IF($F26=$B26,"Push",IF(OR(AND($C26="Up",$F26>$B26),AND($C26="Down",$F26<$B26)),"Win","Loss"))) | H26: =IF(G26="","",SUMIFS($E$2:E26,$G$2:G26,"Win")*Setup!$B$2-SUMIFS($E$2:E26,$G$2:G26,"Loss"))
E27: =IF(A27="","",Setup!$B$3) | G27: =IF(OR($B27="",$C27="",$F27=""),"",IF($F27=$B27,"Push",IF(OR(AND($C27="Up",$F27>$B27),AND($C27="Down",$F27<$B27)),"Win","Loss"))) | H27: =IF(G27="","",SUMIFS($E$2:E27,$G$2:G27,"Win")*Setup!$B$2-SUMIFS($E$2:E27,$G$2:G27,"Loss"))
E28: =IF(A28="","",Setup!$B$3) | G28: =IF(OR($B28="",$C28="",$F28=""),"",IF($F28=$B28,"Push",IF(OR(AND($C28="Up",$F28>$B28),AND($C28="Down",$F28<$B28)),"Win","Loss"))) | H28: =IF(G28="","",SUMIFS($E$2:E28,$G$2:G28,"Win")*Setup!$B$2-SUMIFS($E$2:E28,$G$2:G28,"Loss"))
E29: =IF(A29="","",Setup!$B$3) | G29: =IF(OR($B29="",$C29="",$F29=""),"",IF($F29=$B29,"Push",IF(OR(AND($C29="Up",$F29>$B29),AND($C29="Down",$F29<$B29)),"Win","Loss"))) | H29: =IF(G29="","",SUMIFS($E$2:E29,$G$2:G29,"Win")*Setup!$B$2-SUMIFS($E$2:E29,$G$2:G29,"Loss"))
... E201: =IF(A201="","",Setup!$B$3) | G201: =IF(OR($B201="",$C201="",$F201=""),"",IF($F201=$B201,"Push",IF(OR(AND($C201="Up",$F201>$B201),AND($C201="Down",$F201<$B201)),"Win","Loss"))) | H201: =IF(G201="","",SUMIFS($E$2:E201,$G$2:G201,"Win")*Setup!$B$2-SUMIFS($E$2:E201,$G$2:G201,"Loss"))

Sheet Setup
A1: Setup / assumptions
A2: Win payout multiple | B2: 1
A3: Default fake bet ($) | B3: 100
A6: Notes
A7: 1. 'Fake bet $ 100' (column E) is a formula reading Setup!B3, so it stays $100 unless you change B3.
A8: To vary a single row's stake, type a number straight over that one cell.
A9: 2. Win/Loss (column G) compares 'BTC price 5 min later' against 'BTC price' in the direction you predicted.
A10: Exactly equal prices are scored 'Push' and move the running total by $0.
A11: 3. Running total (column H) = cumulative P&L through that row: wins x bet x payout multiple, minus losses.
A12: It is a self-contained SUMIFS over the rows above, so deleting a middle row will not break it.
A13: 4. Confidence (column D) is stored as a percentage. 65% is typed as 65%, not 65 or 0.65.
A14: Below 50% on a two-way Up/Down call means you would rather take the other side, so the sheet warns there.
A15: 5. Time (column A) is formatted HH:MM. Logging across more than one day? Reformat column A as
A16: 'yyyy-mm-dd hh:mm' and type the date too; nothing else in the sheet depends on that format.
A17: 6. No BTC price in this workbook came from a live feed. The example row in the tracker is an
A18: illustrative placeholder, not a real quote. Every price is yours to enter.
